Viaggio1-[Clienti [codfisc=bknakkowpdmi, cognome=Nkhev, nome=Kmahp, indirizzo=Gohitpnkiup, datadinascita=-289767211], Clienti [codfisc=kyvudmslcbiu, cognome=Ktxnf, nome=Oxhln, indirizzo=Sdkgxzwquly, datadinascita=120814130], Clienti [codfisc=uhcgaoffhnza, cognome=Lxxwn, nome=Adrrk, indirizzo=Fxrmryzbigc, datadinascita=1278413209], Clienti [codfisc=fwsaeflwzwig, cognome=Plzab, nome=Dekll, indirizzo=Bctplxukhbn, datadinascita=-1884632799], Clienti [codfisc=ypkkaskwlshf, cognome=Yozcf, nome=Kaian, indirizzo=Ecyreiolnuf, datadinascita=-734412236], Clienti [codfisc=zykmcrtgxscr, cognome=Pygrx, nome=Fzchu, indirizzo=Acmsrtnvcgr, datadinascita=2011596453], Clienti [codfisc=ulhfflygkzhk, cognome=Fyzdf, nome=Mgqpd, indirizzo=Kgikpukcpki, datadinascita=-327234716], Clienti [codfisc=txkpklddkpwk, cognome=Gmhyk, nome=Lqcsx, indirizzo=Ulgiywqbioz, datadinascita=1586514322], Clienti [codfisc=okcycrweomqk, cognome=Hyhip, nome=Wlvot, indirizzo=Piykfnkzhmt, datadinascita=1557164690], Clienti [codfisc=ssynnkfrrfux, cognome=Afqwt, nome=Kqwtv, indirizzo=Nkrppfgxkcf, datadinascita=2139218209], Clienti [codfisc=dinngmirfagf, cognome=Dmvnn, nome=Emzrb, indirizzo=Wvgggmwcklz, datadinascita=347014509], Clienti [codfisc=lfkdaufxmnud, cognome=Avuhk, nome=Bcxhq, indirizzo=Wqvwnxcdzgb, datadinascita=-231418883], Clienti [codfisc=pczvupehogcb, cognome=Kzskr, nome=Nrger, indirizzo=Kzcrxitglmn, datadinascita=-1175643030], Clienti [codfisc=ccrfvqcdehda, cognome=Evxhw, nome=Ibuln, indirizzo=Mufrwxkrbdn, datadinascita=283296934], Clienti [codfisc=huktntgiucnd, cognome=Rtibg, nome=Kvezh, indirizzo=Fbuqilbylnx, datadinascita=-438667545], Clienti [codfisc=rinatxanrkwr, cognome=Ekfyq, nome=Srcdi, indirizzo=Xphtewmfhfd, datadinascita=1231600370], Clienti [codfisc=vkshkcqlnbsx, cognome=Ixhlu, nome=Kipeh, indirizzo=Pagayytmkts, datadinascita=-168423095], Clienti [codfisc=udndfezrpsln, cognome=Rckqu, nome=Oahrv, indirizzo=Shndxmfkkgq, datadinascita=766973207], Clienti [codfisc=dnkkkdymlteo, cognome=Wmlae, nome=Ozpsx, indirizzo=Ibttzckbfqx, datadinascita=1087412508], Clienti [codfisc=omkdnkwgrcab, cognome=Grmzb, nome=Kzync, indirizzo=Gzsetfuxihq, datadinascita=1542372258], Clienti [codfisc=carogwdbipfv, cognome=Owtay, nome=Xyuka, indirizzo=Smnreccowcp, datadinascita=-359234604], Clienti [codfisc=mkqbfbflsmlk, cognome=Hdoow, nome=Pbtez, indirizzo=Aaxkislacmo, datadinascita=689029254], Clienti [codfisc=kteuorzzkale, cognome=Ixrgv, nome=Doytq, indirizzo=Doyxuaaotnh, datadinascita=1593975472], Clienti [codfisc=hkgmxecdowtn, cognome=Qoxkc, nome=Quzon, indirizzo=Vevtgumubgl, datadinascita=-227209959], Clienti [codfisc=ckzmnadprgtm, cognome=Yuviq, nome=Eqees, indirizzo=Fkavxkeqpzw, datadinascita=206509598], Clienti [codfisc=iyekwbkekzgr, cognome=Vtcen, nome=Mqalg, indirizzo=Gikhzelvzax, datadinascita=-951678474], Clienti [codfisc=asbomrtmkukr, cognome=Khzfl, nome=Zetko, indirizzo=Nekrxknmswn, datadinascita=-830116363], Clienti [codfisc=loibpydnudkd, cognome=Owpxd, nome=Xipva, indirizzo=Eovfskiipat, datadinascita=981872970], Clienti [codfisc=bcetwmgaxczi, cognome=Ktaqo, nome=Rlkvf, indirizzo=Yvmwmiynewu, datadinascita=764433794], Clienti [codfisc=trfllmnhkpkq, cognome=Qeqbz, nome=Zlury, indirizzo=Qgarxafgeic, datadinascita=-1494831724], Clienti [codfisc=kutwfeuudylv, cognome=Rtpts, nome=Nnqkd, indirizzo=Ipbxryndlrx, datadinascita=1257914784], Clienti [codfisc=cwflxnxbmfma, cognome=Ynoeb, nome=Xtype, indirizzo=Kinxatugbkc, datadinascita=-189452605], Clienti [codfisc=bfnascmqtint, cognome=Nhbgn, nome=Yzzrr, indirizzo=Gipknxhoavf, datadinascita=1231827851], Clienti [codfisc=urfifcifongc, cognome=Iqfbn, nome=Ukoyk, indirizzo=Tkhkdrznbeh, datadinascita=826086873], Clienti [codfisc=qkvlpqahfpvn, cognome=Rqrnp, nome=Hnhmq, indirizzo=Uiktkcunhqr, datadinascita=1786592259], Clienti [codfisc=uxdgynawoclr, cognome=Uhrok, nome=Qwkdm, indirizzo=Mhygmkzkapc, datadinascita=-1673566756], Clienti [codfisc=siibwdqrahck, cognome=Fmddw, nome=Nqzuh, indirizzo=Kszetkslvhc, datadinascita=1617062303], Clienti [codfisc=ysfpvagqkknw, cognome=Fugre, nome=Fqxoc, indirizzo=Myreviconqc, datadinascita=950398871], Clienti [codfisc=cgqkuksgquux, cognome=Wmtux, nome=Rlsap, indirizzo=Qkilefnbdbr, datadinascita=1642037037], Clienti [codfisc=ktlkcmtnihti, cognome=Yvhwr, nome=Piklu, indirizzo=Mwdfkxsrmkf, datadinascita=1139054528], Clienti [codfisc=ursdvfbeiclm, cognome=Yhrxl, nome=Qaueq, indirizzo=Afnrgnblwam, datadinascita=1690507324], Clienti [codfisc=vysswnuunkom, cognome=Yrndo, nome=Kbtmo, indirizzo=Fbxnkcmfsii, datadinascita=1814898774], Clienti [codfisc=mgskhakfponi, cognome=Ikogi, nome=Zhwge, indirizzo=Utrkotxkllm, datadinascita=-1090141207], Clienti [codfisc=hcdckdbidlyk, cognome=Zygun, nome=Nvkra, indirizzo=Kscoyvrhzbm, datadinascita=162268488], Clienti [codfisc=xwklwcclbwmz, cognome=Xrier, nome=Kkdoz, indirizzo=Karwqrnqnrm, datadinascita=676866157], Clienti [codfisc=wygznurkpgie, cognome=Lvrmb, nome=Tbign, indirizzo=Hnlbrbbouix, datadinascita=1822360772], Clienti [codfisc=lmnurkootyif, cognome=Idrhf, nome=Kaefv, indirizzo=Dgsdgiqfoag, datadinascita=346492625]]

Viaggio2-[Clienti [codfisc=kqkdiaakcssn, cognome=Dfovc, nome=Fkidk, indirizzo=Srkqannypld, datadinascita=2134600765], Clienti [codfisc=kxbgbmqhlais, cognome=Sbzng, nome=Mdhdq, indirizzo=Rfcppsvdaxt, datadinascita=839336956], Clienti [codfisc=hbfqcoefdwmp, cognome=Xcnrw, nome=Ayfss, indirizzo=Syiniyubxgw, datadinascita=-686160793], Clienti [codfisc=pqauclpnamuz, cognome=Bsccv, nome=Rniba, indirizzo=Vlspxedswzb, datadinascita=-1599082711], Clienti [codfisc=bcetwmgaxczi, cognome=Ktaqo, nome=Rlkvf, indirizzo=Yvmwmiynewu, datadinascita=764433794], Clienti [codfisc=fgkmobkanmzp, cognome=Iplvr, nome=Myedm, indirizzo=Wpokbisvzfm, datadinascita=-1353347595], Clienti [codfisc=bfnascmqtint, cognome=Nhbgn, nome=Yzzrr, indirizzo=Gipknxhoavf, datadinascita=1231827851], Clienti [codfisc=qxraaeybizel, cognome=Bplfi, nome=Ltocg, indirizzo=Ueydwwbzmua, datadinascita=-1013335539], Clienti [codfisc=pmetbtkdcktm, cognome=Ygeik, nome=Myoea, indirizzo=Qykevhbhyzx, datadinascita=-755010917], Clienti [codfisc=ihogxglhzbkg, cognome=Aykop, nome=Apkpw, indirizzo=Lzbmntsdgsu, datadinascita=-299293650], Clienti [codfisc=vnwtnhrkwovd, cognome=Mrkuk, nome=Wdprm, indirizzo=Aszeloqfkor, datadinascita=1610789202], Clienti [codfisc=hdalnckkkmlk, cognome=Hulyr, nome=Kcbyn, indirizzo=Xhgoaitefkk, datadinascita=1151570657], Clienti [codfisc=sdkaspcmhefw, cognome=Mnlqo, nome=Ulurn, indirizzo=Ptdwupsyksg, datadinascita=-660872625], Clienti [codfisc=xbhxwzazhand, cognome=Aqvgm, nome=Lxowt, indirizzo=Eahtubecpcu, datadinascita=2108146896], Clienti [codfisc=clycgtbwytck, cognome=Mkwtu, nome=Gxukf, indirizzo=Adogkyaorkl, datadinascita=-429929278], Clienti [codfisc=beydyuavdubb, cognome=Goltx, nome=Iofdf, indirizzo=Cosewzmrsdc, datadinascita=-1145052397], Clienti [codfisc=ldldzzgorhox, cognome=Gfbfk, nome=Gfhfl, indirizzo=Rykxpatnieu, datadinascita=-1687556873], Clienti [codfisc=hpaipckevsxt, cognome=Cpmqf, nome=Gswiz, indirizzo=Mxkcenibbqg, datadinascita=1455525013], Clienti [codfisc=rshzkecmhhbd, cognome=Qxymw, nome=Gmelb, indirizzo=Fieckreryvb, datadinascita=1308613125], Clienti [codfisc=rzveqctfkfsh, cognome=Kpzfp, nome=Dfzfs, indirizzo=Obuykmibwbv, datadinascita=-1020605746], Clienti [codfisc=htukwbpywnkw, cognome=Riggy, nome=Oakvc, indirizzo=Gntdsbyoege, datadinascita=1591308258], Clienti [codfisc=xusxyefntxet, cognome=Wtkku, nome=Muvzt, indirizzo=Fkcvkfgzxiq, datadinascita=1886231889], Clienti [codfisc=uvgiuvrhvwfk, cognome=Qwiio, nome=Ffknt, indirizzo=Hvohadhoaym, datadinascita=955712330], Clienti [codfisc=xlyclxukamad, cognome=Kucpq, nome=Mnsxw, indirizzo=Ewyfdgfeneu, datadinascita=-563580246], Clienti [codfisc=asbomrtmkukr, cognome=Khzfl, nome=Zetko, indirizzo=Nekrxknmswn, datadinascita=-830116363], Clienti [codfisc=fywpvagmirxn, cognome=Huuwq, nome=Lniph, indirizzo=Qvrreykkhwg, datadinascita=-1560426501], Clienti [codfisc=nndrrmvkinoy, cognome=Rarrn, nome=Bvfas, indirizzo=Cekrwhcqbfv, datadinascita=1534417139], Clienti [codfisc=astpvkbbwigk, cognome=Cumbp, nome=Nkxgn, indirizzo=Wkgszxcsqft, datadinascita=-337824486], Clienti [codfisc=gtamfxnsctkq, cognome=Kqbuy, nome=Utcpt, indirizzo=Nqytzkrepvd, datadinascita=1553644057], Clienti [codfisc=bfpmfbedlenl, cognome=Rhgqu, nome=Kunvu, indirizzo=Hykswxfzxez, datadinascita=-295161784], Clienti [codfisc=aqtsasohdubz, cognome=Sltze, nome=Hyrfb, indirizzo=Svfdenywsom, datadinascita=-1459382303], Clienti [codfisc=ykrkpiyemuib, cognome=Aieqc, nome=Kfpec, indirizzo=Gyrqbcsrkkm, datadinascita=787836080], Clienti [codfisc=hbqlnihcpoem, cognome=Pgmhp, nome=Yffkq, indirizzo=Dkyuvqsnxuz, datadinascita=136918660], Clienti [codfisc=oidldkqtrfiw, cognome=Aedau, nome=Slmok, indirizzo=Uaukscycgob, datadinascita=-2118934623], Clienti [codfisc=pmtfhfeqyfll, cognome=Ishcx, nome=Gbsxs, indirizzo=Urvkvnaqcdk, datadinascita=849640566], Clienti [codfisc=ydwbkzsksior, cognome=Mrvqu, nome=Hwfdk, indirizzo=Mkbxbgpvpfv, datadinascita=1223116653], Clienti [codfisc=wllcbubddygd, cognome=Bmzne, nome=Aautx, indirizzo=Kapkodboopb, datadinascita=-2056541964], Clienti [codfisc=ogiukkhigmqa, cognome=Autck, nome=Bszzk, indirizzo=Dxysfyhpygm, datadinascita=1087093512], Clienti [codfisc=fzhduovmyvgf, cognome=Dxkxw, nome=Upqcp, indirizzo=Yqolukkvaku, datadinascita=-1129657123], Clienti [codfisc=muyikyqpvoho, cognome=Whbym, nome=Zhrsw, indirizzo=Eeevgbphgui, datadinascita=701861684], Clienti [codfisc=carogwdbipfv, cognome=Owtay, nome=Xyuka, indirizzo=Smnreccowcp, datadinascita=-359234604], Clienti [codfisc=okptdczttrxw, cognome=Xvgtk, nome=Krcbm, indirizzo=Xtswqyqinkw, datadinascita=1168686383], Clienti [codfisc=fcffvzoksasd, cognome=Zxktt, nome=Kocom, indirizzo=Pvyqevueoog, datadinascita=1298858579], Clienti [codfisc=zeivhwhswvnt, cognome=Bvaro, nome=Mwvkf, indirizzo=Wlczxoqqeay, datadinascita=250673363], Clienti [codfisc=ypkkaskwlshf, cognome=Yozcf, nome=Kaian, indirizzo=Ecyreiolnuf, datadinascita=-734412236], Clienti [codfisc=hcdckdbidlyk, cognome=Zygun, nome=Nvkra, indirizzo=Kscoyvrhzbm, datadinascita=162268488], Clienti [codfisc=twqrzykvikzi, cognome=Xvuxa, nome=Szash, indirizzo=Nquyqpdvrxl, datadinascita=857537627], Clienti [codfisc=khcsegmfbzig, cognome=Pckiq, nome=Lksun, indirizzo=Incxzzkewfc, datadinascita=762403780], Clienti [codfisc=utnegtymopbn, cognome=Beaka, nome=Xgpwg, indirizzo=Gavowpmrkoe, datadinascita=2122798111], Clienti [codfisc=xgcywercpnoc, cognome=Vurqe, nome=Lfetl, indirizzo=Hzsddlkzdks, datadinascita=306658657]]

Viaggio3-[Clienti [codfisc=kutwfeuudylv, cognome=Rtpts, nome=Nnqkd, indirizzo=Ipbxryndlrx, datadinascita=1257914784], Clienti [codfisc=suomuxhaxdru, cognome=Fsyhc, nome=Zkdtg, indirizzo=Vziweouitrf, datadinascita=-201820923], Clienti [codfisc=kmrwdfenzvow, cognome=Gmfsw, nome=Prhfo, indirizzo=Wuwtyeloykp, datadinascita=2095604121], Clienti [codfisc=zvekivsmhzyx, cognome=Kyzql, nome=Rusvb, indirizzo=Rkqbvynbgau, datadinascita=-1799534160], Clienti [codfisc=xgcywercpnoc, cognome=Vurqe, nome=Lfetl, indirizzo=Hzsddlkzdks, datadinascita=306658657], Clienti [codfisc=spygknvrduli, cognome=Kzrkx, nome=Yvgag, indirizzo=Itrzbmktocb, datadinascita=-1942750471], Clienti [codfisc=fywpvagmirxn, cognome=Huuwq, nome=Lniph, indirizzo=Qvrreykkhwg, datadinascita=-1560426501], Clienti [codfisc=qirhekvgiefu, cognome=Yskza, nome=Hrqqd, indirizzo=Vqxdendeomh, datadinascita=1843455747], Clienti [codfisc=htukwbpywnkw, cognome=Riggy, nome=Oakvc, indirizzo=Gntdsbyoege, datadinascita=1591308258], Clienti [codfisc=obdvmttvrfly, cognome=Fzbsb, nome=Soihu, indirizzo=Zeltlynmktk, datadinascita=-181694876], Clienti [codfisc=kmxspgvnuyvf, cognome=Sqprt, nome=Laysy, indirizzo=Lfqxqhzkdkk, datadinascita=2063423572], Clienti [codfisc=bfpmfbedlenl, cognome=Rhgqu, nome=Kunvu, indirizzo=Hykswxfzxez, datadinascita=-295161784], Clienti [codfisc=qwrgfithwntq, cognome=Xrvra, nome=Clzqh, indirizzo=Edewinfffhn, datadinascita=-1302644940], Clienti [codfisc=trfllmnhkpkq, cognome=Qeqbz, nome=Zlury, indirizzo=Qgarxafgeic, datadinascita=-1494831724], Clienti [codfisc=inkopewpgoyt, cognome=Umzqe, nome=Yxdiu, indirizzo=Gveiscescrk, datadinascita=166794975], Clienti [codfisc=sdkaspcmhefw, cognome=Mnlqo, nome=Ulurn, indirizzo=Ptdwupsyksg, datadinascita=-660872625], Clienti [codfisc=wllcbubddygd, cognome=Bmzne, nome=Aautx, indirizzo=Kapkodboopb, datadinascita=-2056541964], Clienti [codfisc=qtpbsgydiiak, cognome=Kgkck, nome=Xxcaa, indirizzo=Uilkuoswimq, datadinascita=1061457137], Clienti [codfisc=vnwtnhrkwovd, cognome=Mrkuk, nome=Wdprm, indirizzo=Aszeloqfkor, datadinascita=1610789202], Clienti [codfisc=vlgiqiqxkmss, cognome=Gicbe, nome=Dangs, indirizzo=Klbxoedmglq, datadinascita=671531866], Clienti [codfisc=wglsgwdkqlai, cognome=Gsyhy, nome=Ohxtd, indirizzo=Khzanlbxrnn, datadinascita=532019546], Clienti [codfisc=okptdczttrxw, cognome=Xvgtk, nome=Krcbm, indirizzo=Xtswqyqinkw, datadinascita=1168686383], Clienti [codfisc=kthtkkvrcghx, cognome=Nlfga, nome=Ockih, indirizzo=Lcbutoixrbn, datadinascita=1537352087], Clienti [codfisc=fgkmobkanmzp, cognome=Iplvr, nome=Myedm, indirizzo=Wpokbisvzfm, datadinascita=-1353347595], Clienti [codfisc=obcypnvgfgxe, cognome=Vanvg, nome=Tbvfi, indirizzo=Argroftkfma, datadinascita=1112497970], Clienti [codfisc=hdalnckkkmlk, cognome=Hulyr, nome=Kcbyn, indirizzo=Xhgoaitefkk, datadinascita=1151570657], Clienti [codfisc=ukmtbfrsfhxk, cognome=Kykuw, nome=Pkvnq, indirizzo=Svnokasawvt, datadinascita=-1378855799], Clienti [codfisc=vrapwcdmvepg, cognome=Oxpwv, nome=Caenw, indirizzo=Aukowkuthfz, datadinascita=763902613], Clienti [codfisc=carogwdbipfv, cognome=Owtay, nome=Xyuka, indirizzo=Smnreccowcp, datadinascita=-359234604], Clienti [codfisc=bhroehrklkmv, cognome=Awlwi, nome=Boffx, indirizzo=Ykwfnoudooy, datadinascita=-623888907], Clienti [codfisc=yikwfdnbarcf, cognome=Niaxq, nome=Kdfgq, indirizzo=Aelgvtlasvf, datadinascita=1665766899], Clienti [codfisc=gmkplqbzepcc, cognome=Xzofr, nome=Sifrv, indirizzo=Kmkkoakeshm, datadinascita=-1416169365], Clienti [codfisc=bhhdmmxklzui, cognome=Fusru, nome=Hudks, indirizzo=Rlutpqdbkzt, datadinascita=-889377328], Clienti [codfisc=rngtxvlotvkr, cognome=Fmrzg, nome=Enbiq, indirizzo=Pukcwzvufah, datadinascita=-1270160619], Clienti [codfisc=oidldkqtrfiw, cognome=Aedau, nome=Slmok, indirizzo=Uaukscycgob, datadinascita=-2118934623], Clienti [codfisc=tkwnoleheelt, cognome=Dfkhb, nome=Xufrq, indirizzo=Mofkwngzekw, datadinascita=-1265170396], Clienti [codfisc=pmetbtkdcktm, cognome=Ygeik, nome=Myoea, indirizzo=Qykevhbhyzx, datadinascita=-755010917], Clienti [codfisc=tgtbmhshfhki, cognome=Kstoy, nome=Figsu, indirizzo=Iaaiiqgdqvm, datadinascita=-1227626664], Clienti [codfisc=skavaownzwfb, cognome=Mxufy, nome=Epitr, indirizzo=Ktzqgudormi, datadinascita=931153062], Clienti [codfisc=mhyeknwcpkki, cognome=Okrgq, nome=Spqqp, indirizzo=Olwyofomkrz, datadinascita=931628656], Clienti [codfisc=kqkdiaakcssn, cognome=Dfovc, nome=Fkidk, indirizzo=Srkqannypld, datadinascita=2134600765], Clienti [codfisc=uicdurhinoli, cognome=Wsqyc, nome=Eklig, indirizzo=Iuddhrperul, datadinascita=2048489232], Clienti [codfisc=ydwbkzsksior, cognome=Mrvqu, nome=Hwfdk, indirizzo=Mkbxbgpvpfv, datadinascita=1223116653], Clienti [codfisc=muyikyqpvoho, cognome=Whbym, nome=Zhrsw, indirizzo=Eeevgbphgui, datadinascita=701861684], Clienti [codfisc=pczvupehogcb, cognome=Kzskr, nome=Nrger, indirizzo=Kzcrxitglmn, datadinascita=-1175643030], Clienti [codfisc=andcmvqxbdub, cognome=Wryka, nome=Hohqk, indirizzo=Yeffazrlmrm, datadinascita=1045123584]]

Viaggio4-[Clienti [codfisc=twrxyodpynxu, cognome=Evekd, nome=Aaqvw, indirizzo=Zheangkmqqr, datadinascita=-964738835], Clienti [codfisc=pnofahohgkyv, cognome=Pvyqo, nome=Dayac, indirizzo=Uxlcyggdyvh, datadinascita=-1773487255], Clienti [codfisc=ownvdwvracvs, cognome=Nfnvd, nome=Sfkkh, indirizzo=Bwyrtqhezch, datadinascita=1929138399], Clienti [codfisc=gonzqcnusneg, cognome=Givcw, nome=Fyvps, indirizzo=Lhadbavpifi, datadinascita=-976436122], Clienti [codfisc=kliftcmqyvyw, cognome=Ywmte, nome=Sgqgl, indirizzo=Lgusutxyytb, datadinascita=-1572554013], Clienti [codfisc=ysfpvagqkknw, cognome=Fugre, nome=Fqxoc, indirizzo=Myreviconqc, datadinascita=950398871], Clienti [codfisc=btcflmsaztyz, cognome=Rofva, nome=Eizmf, indirizzo=Opmzkoxemwl, datadinascita=622920261], Clienti [codfisc=urfifcifongc, cognome=Iqfbn, nome=Ukoyk, indirizzo=Tkhkdrznbeh, datadinascita=826086873], Clienti [codfisc=nndrrmvkinoy, cognome=Rarrn, nome=Bvfas, indirizzo=Cekrwhcqbfv, datadinascita=1534417139], Clienti [codfisc=qtpbsgydiiak, cognome=Kgkck, nome=Xxcaa, indirizzo=Uilkuoswimq, datadinascita=1061457137], Clienti [codfisc=loibpydnudkd, cognome=Owpxd, nome=Xipva, indirizzo=Eovfskiipat, datadinascita=981872970], Clienti [codfisc=qwrnrldagmpo, cognome=Bmwrw, nome=Plabn, indirizzo=Vcpuokkckxa, datadinascita=1888864772], Clienti [codfisc=hcdckdbidlyk, cognome=Zygun, nome=Nvkra, indirizzo=Kscoyvrhzbm, datadinascita=162268488], Clienti [codfisc=kfkamzwzdvcw, cognome=Niyqx, nome=Bpekb, indirizzo=Wbllnehhqtr, datadinascita=-2110245867], Clienti [codfisc=ssucbvegkfky, cognome=Uxkwk, nome=Rxfkc, indirizzo=Ruizekefzvy, datadinascita=-1995939091], Clienti [codfisc=kdaykepvbixx, cognome=Katls, nome=Hytwp, indirizzo=Swzlscuhykn, datadinascita=446843485], Clienti [codfisc=drcthaefxkml, cognome=Bcbgg, nome=Kogkp, indirizzo=Tpmibgnpcik, datadinascita=-1783726502], Clienti [codfisc=tgffibcovtkt, cognome=Cnhnh, nome=Tweek, indirizzo=Labncrxrlwx, datadinascita=-1474263137], Clienti [codfisc=cgqkuksgquux, cognome=Wmtux, nome=Rlsap, indirizzo=Qkilefnbdbr, datadinascita=1642037037], Clienti [codfisc=okptdczttrxw, cognome=Xvgtk, nome=Krcbm, indirizzo=Xtswqyqinkw, datadinascita=1168686383], Clienti [codfisc=fwsaeflwzwig, cognome=Plzab, nome=Dekll, indirizzo=Bctplxukhbn, datadinascita=-1884632799], Clienti [codfisc=kmhwirgzfiix, cognome=Spwyd, nome=Kkunz, indirizzo=Isekktfolao, datadinascita=1331135991], Clienti [codfisc=hakantwwlszm, cognome=Ovvok, nome=Wiicb, indirizzo=Furcfetpegp, datadinascita=-878648489], Clienti [codfisc=dvtdmsgaekro, cognome=Qicna, nome=Mtfbx, indirizzo=Qdztnnqypwa, datadinascita=-1444463142], Clienti [codfisc=qxraaeybizel, cognome=Bplfi, nome=Ltocg, indirizzo=Ueydwwbzmua, datadinascita=-1013335539], Clienti [codfisc=tvyxcvqouvdv, cognome=Kgzzg, nome=Uucmo, indirizzo=Ggeikzkklki, datadinascita=-262620024], Clienti [codfisc=kyvudmslcbiu, cognome=Ktxnf, nome=Oxhln, indirizzo=Sdkgxzwquly, datadinascita=120814130], Clienti [codfisc=hdalnckkkmlk, cognome=Hulyr, nome=Kcbyn, indirizzo=Xhgoaitefkk, datadinascita=1151570657], Clienti [codfisc=uuoxukzyiqop, cognome=Ndocw, nome=Ckldd, indirizzo=Xuegvmvwzct, datadinascita=-1988325598], Clienti [codfisc=zhqexpznqcvg, cognome=Kfbgz, nome=Fhrkq, indirizzo=Uuxvskuckvm, datadinascita=-1635732680], Clienti [codfisc=ydttrdbwlppv, cognome=Mrbxv, nome=Ycivb, indirizzo=Ismhyupcuos, datadinascita=761519280], Clienti [codfisc=siibwdqrahck, cognome=Fmddw, nome=Nqzuh, indirizzo=Kszetkslvhc, datadinascita=1617062303], Clienti [codfisc=bhroehrklkmv, cognome=Awlwi, nome=Boffx, indirizzo=Ykwfnoudooy, datadinascita=-623888907], Clienti [codfisc=gmkplqbzepcc, cognome=Xzofr, nome=Sifrv, indirizzo=Kmkkoakeshm, datadinascita=-1416169365], Clienti [codfisc=ulwprdfuxyck, cognome=Zttgl, nome=Kzurb, indirizzo=Iwavkkuvruf, datadinascita=1231174611], Clienti [codfisc=hqypcziqgacn, cognome=Tvfvi, nome=Ibrme, indirizzo=Ickviqproky, datadinascita=555366621], Clienti [codfisc=mkordcuzbuwa, cognome=Verlb, nome=Ypncb, indirizzo=Clulpspzyez, datadinascita=-451908089], Clienti [codfisc=pioornnfowbx, cognome=Nkrln, nome=Skeiw, indirizzo=Cmoccefwmzu, datadinascita=1101917346], Clienti [codfisc=hkqeiegayvud, cognome=Vnxrz, nome=Kwcls, indirizzo=Bbthsbfbgmp, datadinascita=-431544565], Clienti [codfisc=spygknvrduli, cognome=Kzrkx, nome=Yvgag, indirizzo=Itrzbmktocb, datadinascita=-1942750471], Clienti [codfisc=vhcimcwvpedd, cognome=Kerkg, nome=Alfqp, indirizzo=Pylrifsdsvh, datadinascita=-1640776478], Clienti [codfisc=szcgkvuoklym, cognome=Tinto, nome=Gdtdx, indirizzo=Otwvgfdkgqe, datadinascita=-48640582], Clienti [codfisc=pczvupehogcb, cognome=Kzskr, nome=Nrger, indirizzo=Kzcrxitglmn, datadinascita=-1175643030], Clienti [codfisc=xhwetheucyvb, cognome=Fddhr, nome=Aqvho, indirizzo=Asrgkgyepob, datadinascita=-483698393], Clienti [codfisc=uxdgynawoclr, cognome=Uhrok, nome=Qwkdm, indirizzo=Mhygmkzkapc, datadinascita=-1673566756]]

Viaggio5-[Clienti [codfisc=kutwfeuudylv, cognome=Rtpts, nome=Nnqkd, indirizzo=Ipbxryndlrx, datadinascita=1257914784], Clienti [codfisc=qtyahhnmpivc, cognome=Rvent, nome=Xfwdi, indirizzo=Unnusdnbaqd, datadinascita=2026733279], Clienti [codfisc=urfifcifongc, cognome=Iqfbn, nome=Ukoyk, indirizzo=Tkhkdrznbeh, datadinascita=826086873], Clienti [codfisc=bnzdwumlulpe, cognome=Zgdeb, nome=Hlxtz, indirizzo=Vkmnykzluqq, datadinascita=700149797], Clienti [codfisc=lmnurkootyif, cognome=Idrhf, nome=Kaefv, indirizzo=Dgsdgiqfoag, datadinascita=346492625], Clienti [codfisc=ssynnkfrrfux, cognome=Afqwt, nome=Kqwtv, indirizzo=Nkrppfgxkcf, datadinascita=2139218209], Clienti [codfisc=zxpvlztncvni, cognome=Zuxmb, nome=Sqzsz, indirizzo=Piiktidakrk, datadinascita=932706333], Clienti [codfisc=ycxmzvkrcocp, cognome=Ucraa, nome=Qgmou, indirizzo=Ppyrnekvuwu, datadinascita=498191165], Clienti [codfisc=fgkmobkanmzp, cognome=Iplvr, nome=Myedm, indirizzo=Wpokbisvzfm, datadinascita=-1353347595], Clienti [codfisc=frumoktqdguc, cognome=Btwrv, nome=Cxbnk, indirizzo=Nqpokmyenet, datadinascita=-450103770], Clienti [codfisc=rypwybyairer, cognome=Rwboe, nome=Ksixk, indirizzo=Svrogxsands, datadinascita=1035423008], Clienti [codfisc=scezywbmavzd, cognome=Tetlw, nome=Mvyyo, indirizzo=Bowcluhqbit, datadinascita=-209200034], Clienti [codfisc=beydyuavdubb, cognome=Goltx, nome=Iofdf, indirizzo=Cosewzmrsdc, datadinascita=-1145052397], Clienti [codfisc=uhcgaoffhnza, cognome=Lxxwn, nome=Adrrk, indirizzo=Fxrmryzbigc, datadinascita=1278413209], Clienti [codfisc=yqlhwqwkihmb, cognome=Skswv, nome=Pokbr, indirizzo=Dyxwhfkkrpa, datadinascita=-891384460], Clienti [codfisc=vnwtnhrkwovd, cognome=Mrkuk, nome=Wdprm, indirizzo=Aszeloqfkor, datadinascita=1610789202], Clienti [codfisc=txkpklddkpwk, cognome=Gmhyk, nome=Lqcsx, indirizzo=Ulgiywqbioz, datadinascita=1586514322], Clienti [codfisc=bcvaheofikmw, cognome=Fvkll, nome=Izkwx, indirizzo=Adxfbwivuei, datadinascita=1196807298], Clienti [codfisc=bflcruqkdydk, cognome=Qctxo, nome=Bgsde, indirizzo=Rlkfelcsecf, datadinascita=-1623762092], Clienti [codfisc=vlgiqiqxkmss, cognome=Gicbe, nome=Dangs, indirizzo=Klbxoedmglq, datadinascita=671531866], Clienti [codfisc=xkcfcnbiaowf, cognome=Dnuic, nome=Wiuto, indirizzo=Rtgwelxfmgp, datadinascita=-784944878], Clienti [codfisc=mhigrsgonaqc, cognome=Ygsuz, nome=Hzzmm, indirizzo=Fmekfirfpxv, datadinascita=-532626140], Clienti [codfisc=vkshkcqlnbsx, cognome=Ixhlu, nome=Kipeh, indirizzo=Pagayytmkts, datadinascita=-168423095], Clienti [codfisc=qktadtfszhcy, cognome=Mhews, nome=Zdoik, indirizzo=Dppywifkmui, datadinascita=256064784], Clienti [codfisc=trfllmnhkpkq, cognome=Qeqbz, nome=Zlury, indirizzo=Qgarxafgeic, datadinascita=-1494831724], Clienti [codfisc=effwplqfmyhp, cognome=Figkk, nome=Ycnle, indirizzo=Zkioorcpgui, datadinascita=-1031293660], Clienti [codfisc=pioornnfowbx, cognome=Nkrln, nome=Skeiw, indirizzo=Cmoccefwmzu, datadinascita=1101917346], Clienti [codfisc=ulhfflygkzhk, cognome=Fyzdf, nome=Mgqpd, indirizzo=Kgikpukcpki, datadinascita=-327234716], Clienti [codfisc=zgilfwdrgcvy, cognome=Pvunr, nome=Yhptf, indirizzo=Ikuqehhvttp, datadinascita=-1649919314], Clienti [codfisc=hbfqcoefdwmp, cognome=Xcnrw, nome=Ayfss, indirizzo=Syiniyubxgw, datadinascita=-686160793], Clienti [codfisc=muyikyqpvoho, cognome=Whbym, nome=Zhrsw, indirizzo=Eeevgbphgui, datadinascita=701861684], Clienti [codfisc=vauyifwctyll, cognome=Okpsi, nome=Ivwwh, indirizzo=Okmwcoiskck, datadinascita=672839394], Clienti [codfisc=mcwhkiixlglv, cognome=Dwuth, nome=Qmaxm, indirizzo=Mlawuulvnxh, datadinascita=462815950], Clienti [codfisc=lwdkdbptnagp, cognome=Btvqo, nome=Uvwlq, indirizzo=Fpavfloukts, datadinascita=-98919318], Clienti [codfisc=zqmsnigknizf, cognome=Vodqe, nome=Xkrea, indirizzo=Ugmozlicvmk, datadinascita=170137345], Clienti [codfisc=ymhtqsaukkmv, cognome=Ncaex, nome=Cgdzm, indirizzo=Gxkawaalsru, datadinascita=365399439], Clienti [codfisc=skavaownzwfb, cognome=Mxufy, nome=Epitr, indirizzo=Ktzqgudormi, datadinascita=931153062], Clienti [codfisc=hqypcziqgacn, cognome=Tvfvi, nome=Ibrme, indirizzo=Ickviqproky, datadinascita=555366621], Clienti [codfisc=obdvmttvrfly, cognome=Fzbsb, nome=Soihu, indirizzo=Zeltlynmktk, datadinascita=-181694876], Clienti [codfisc=uvwnoivrirzo, cognome=Hudrr, nome=Dwnyx, indirizzo=Svzxggkuhqx, datadinascita=1389810205], Clienti [codfisc=fwsaeflwzwig, cognome=Plzab, nome=Dekll, indirizzo=Bctplxukhbn, datadinascita=-1884632799], Clienti [codfisc=fkihkfyfdhir, cognome=Cqrzl, nome=Aiikv, indirizzo=Ivvcxlrngrx, datadinascita=1645725928], Clienti [codfisc=tfvpcyvckmlt, cognome=Wecmo, nome=Skshm, indirizzo=Atpoccolfmc, datadinascita=542070701], Clienti [codfisc=carogwdbipfv, cognome=Owtay, nome=Xyuka, indirizzo=Smnreccowcp, datadinascita=-359234604], Clienti [codfisc=clycgtbwytck, cognome=Mkwtu, nome=Gxukf, indirizzo=Adogkyaorkl, datadinascita=-429929278], Clienti [codfisc=kktwkldhisdi, cognome=Xyqlk, nome=Azdxb, indirizzo=Binkhwrsfup, datadinascita=1674446498], Clienti [codfisc=gkgmktwqarqr, cognome=Hvcnw, nome=Rdwgn, indirizzo=Mspfvrcvliu, datadinascita=2126153242], Clienti [codfisc=ktkgavofdohu, cognome=Gdkhg, nome=Qkoxv, indirizzo=Izeuyggkhkz, datadinascita=-1074912234]]

